{ "height":25,
 "layers":[
        {
         "data":[24, 24, 23, 11, 19, 19, 12, 23, 24, 24, 23, 7, 2, 2, 1, 4, 2, 2, 3, 4, 4, 1, 3, 4, 1, 24, 23, 23, 14, 3, 3, 8, 12, 24, 24, 18, 4, 1, 3, 1, 3, 3, 4, 4, 1, 3, 1, 4, 3, 4, 11, 15, 15, 7, 1, 4, 3, 20, 23, 11, 7, 2, 1, 3, 1, 3, 4, 4, 3, 2, 2, 3, 4, 2, 1, 18, 4, 3, 2, 2, 4, 3, 8, 12, 18, 2, 4, 4, 3, 3, 1, 4, 2, 1, 4, 4, 4, 1, 1, 1, 14, 2, 1, 4, 2, 1, 4, 2, 8, 7, 5, 17, 6, 3, 3, 3, 4, 3, 4, 4, 3, 2, 4, 3, 4, 10, 6, 2, 1, 4, 4, 1, 3, 4, 3, 8, 12, 10, 6, 2, 1, 1, 1, 1, 2, 1, 4, 2, 1, 1, 24, 18, 1, 2, 4, 3, 3, 5, 6, 5, 13, 9, 11, 7, 3, 4, 1, 3, 1, 3, 4, 2, 4, 4, 4, 24, 14, 4, 2, 5, 6, 2, 8, 22, 9, 23, 24, 10, 6, 2, 1, 3, 1, 5, 6, 2, 3, 4, 4, 2, 19, 7, 3, 1, 8, 7, 4, 1, 8, 12, 24, 23, 23, 10, 17, 6, 3, 1, 8, 7, 1, 3, 3, 3, 1, 1, 2, 4, 2, 2, 3, 3, 4, 3, 20, 24, 23, 23, 23, 23, 18, 2, 2, 3, 1, 4, 4, 1, 1, 1, 3, 3, 5, 13, 6, 1, 2, 2, 5, 9, 23, 23, 24, 23, 24, 14, 1, 3, 1, 1, 3, 3, 4, 4, 4, 2, 4, 16, 24, 10, 6, 2, 4, 20, 23, 23, 24, 23, 23, 24, 14, 2, 4, 2, 4, 5, 6, 4, 3, 1, 3, 1, 20, 23, 24, 10, 6, 3, 8, 12, 24, 23, 23, 23, 24, 14, 1, 2, 1, 5, 9, 18, 4, 3, 4, 4, 2, 8, 12, 23, 24, 18, 4, 3, 16, 24, 24, 24, 23, 24, 18, 1, 3, 1, 16, 24, 14, 1, 3, 2, 4, 1, 2, 8, 12, 24, 14, 4, 1, 8, 15, 12, 24, 23, 11, 7, 2, 1, 2, 16, 23, 18, 1, 4, 2, 3, 4, 3, 2, 8, 19, 7, 2, 2, 3, 3, 8, 15, 19, 7, 3, 1, 2, 5, 9, 24, 14, 1, 2, 3, 2, 2, 1, 4, 4, 1, 2, 5, 6, 2, 2, 2, 1, 3, 4, 3, 5, 13, 9, 24, 24, 18, 4, 3, 4, 1, 4, 1, 3, 2, 5, 13, 9, 14, 3, 1, 3, 2, 4, 4, 5, 21, 19, 12, 24, 11, 7, 1, 2, 3, 2, 1, 3, 3, 3, 20, 23, 24, 18, 4, 4, 2, 3, 1, 1, 8, 7, 5, 9, 23, 18, 1, 3, 4, 2, 4, 2, 4, 1, 2, 8, 15, 19, 7, 4, 5, 6, 4, 2, 4, 5, 17, 9, 23, 11, 22, 13, 6, 4, 1, 3, 2, 2, 4, 4, 3, 2, 1, 4, 2, 8, 7, 4, 2, 3, 16, 24, 23, 11, 7, 16, 23, 18, 3, 1, 1, 3, 1, 2, 3, 3, 3, 4, 2, 1, 3, 2, 3, 4, 3, 8, 15, 15, 7, 4, 8, 19, 7, 3, 4, 1, 2, 3, 4, 1, 3, 4, 4, 4, 1, 4, 4, 3, 2, 3, 4, 1, 2, 4, 2, 1, 2, 2, 4, 1, 4, 2, 3, 2, 1, 4, 2, 2, 1, 2, 2, 2, 4, 3, 3, 2, 3, 3, 2, 3, 2, 4, 1, 3, 1, 1, 1, 1, 4, 1, 3, 3, 2, 1, 4, 2, 1, 3, 1, 3, 3, 4, 3, 4, 2, 1, 2, 3, 1, 1],
         "height":25,
         "name":"Tile Layer 1",
         "opacity":1,
         "type":"tilelayer",
         "visible":true,
         "width":25,
         "x":0,
         "y":0
        }],
 "nextobjectid":1,
 "orientation":"isometric",
 "properties":
    {

    },
 "renderorder":"right-down",
 "tileheight":32,
 "tilesets":[
        {
         "firstgid":1,
         "image":"isometric-grass-and-water.png",
         "imageheight":384,
         "imagewidth":256,
         "margin":0,
         "name":"isometric_grass_and_water",
         "properties":
            {

            },
         "spacing":0,
         "terrains":[
                {
                 "name":"Grass",
                 "tile":0
                }, 
                {
                 "name":"Water",
                 "tile":22
                }],
         "tileheight":64,
         "tileoffset":
            {
             "x":0,
             "y":16
            },
         "tiles":
            {
             "0":
                {
                 "terrain":[0, 0, 0, 0]
                },
             "1":
                {
                 "terrain":[0, 0, 0, 0]
                },
             "10":
                {
                 "terrain":[1, 1, 1, 0]
                },
             "11":
                {
                 "terrain":[1, 1, 0, 1]
                },
             "12":
                {
                 "terrain":[0, 0, 1, 1]
                },
             "13":
                {
                 "terrain":[1, 0, 1, 0]
                },
             "14":
                {
                 "terrain":[1, 1, 0, 0]
                },
             "15":
                {
                 "terrain":[0, 1, 0, 1]
                },
             "16":
                {
                 "terrain":[0, 0, 1, 1]
                },
             "17":
                {
                 "terrain":[1, 0, 1, 0]
                },
             "18":
                {
                 "terrain":[1, 1, 0, 0]
                },
             "19":
                {
                 "terrain":[0, 1, 0, 1]
                },
             "2":
                {
                 "terrain":[0, 0, 0, 0]
                },
             "20":
                {
                 "terrain":[0, 1, 1, 0]
                },
             "21":
                {
                 "terrain":[1, 0, 0, 1]
                },
             "22":
                {
                 "terrain":[1, 1, 1, 1]
                },
             "23":
                {
                 "terrain":[1, 1, 1, 1]
                },
             "3":
                {
                 "terrain":[0, 0, 0, 0]
                },
             "4":
                {
                 "terrain":[0, 0, 0, 1]
                },
             "5":
                {
                 "terrain":[0, 0, 1, 0]
                },
             "6":
                {
                 "terrain":[1, 0, 0, 0]
                },
             "7":
                {
                 "terrain":[0, 1, 0, 0]
                },
             "8":
                {
                 "terrain":[0, 1, 1, 1]
                },
             "9":
                {
                 "terrain":[1, 0, 1, 1]
                }
            },
         "tilewidth":64
        }],
 "tilewidth":64,
 "version":1,
 "width":25
}
